                  epoch,         train/box_loss,         train/cls_loss,         train/dfl_loss,   metrics/precision(B),      metrics/recall(B),       metrics/mAP50(B),    metrics/mAP50-95(B),           val/box_loss,           val/cls_loss,           val/dfl_loss,                 lr/pg0,                 lr/pg1,                 lr/pg2
                      1,                 1.7349,                 2.9951,                 1.7237,                0.00333,                      1,                0.58914,                0.49031,                0.66948,                  2.803,                 1.3347,                  4e-05,                  4e-05,                  4e-05
                      2,                 1.0581,                 2.5675,                 1.3195,                0.00333,                      1,                0.74115,                0.55741,                0.65866,                  2.808,                 1.3202,               8.02e-05,               8.02e-05,               8.02e-05
                      3,                 1.1463,                 2.4706,                 1.2698,                0.00333,                      1,                   0.83,                0.55499,                0.71955,                 2.7824,                 1.3437,              9.664e-05,              9.664e-05,              9.664e-05
                      4,                 1.0096,                 2.2231,                 1.2783,                0.00333,                      1,                0.70036,                0.54979,                0.71645,                 2.8097,                 1.2992,              8.932e-05,              8.932e-05,              8.932e-05
                      5,                 1.1666,                 2.1722,                 1.2674,                0.00333,                      1,                 0.7046,                0.54958,                0.66171,                 2.7994,                 1.2793,              5.824e-05,              5.824e-05,              5.824e-05
